student_number,name,program_code
25-00001,"Dela Cruz, Juan",BSCS
25-00002,"Santos, Maria",BSIT
25-00003,"Reyes, Jose",BSCS
25-00004,"Garcia, Ana",BSIT
25-00005,"Cruz, Pedro",BSCS
25-00006,"Mendoza, Rosa",BSIT
25-00007,"Torres, Miguel",BSCS
25-00008,"Fernandez, Lucia",BSIT
25-00009,"Rivera, Carlos",BSCS
25-00010,"Lopez, Elena",BSIT
25-00011,"Ramos, Marco",BSCS
25-00012,"Gonzales, Sofia",BSIT
25-00013,"Bautista, Gabriel",BSCS
25-00014,"Villanueva, Isabella",BSIT
25-00015,"Castro, Rafael",BSCS
25-00016,"Navarro, Camila",BSIT
25-00017,"Aquino, Diego",BSCS
25-00018,"Soriano, Valentina",BSIT
25-00019,"Pascual, Andres",BSCS
25-00020,"Mercado, Daniela",BSIT
25-00021,"Flores, Fernando",BSCS
25-00022,"Perez, Paula",BSIT
25-00023,"Diaz, Ricardo",BSCS
25-00024,"Aguilar, Andrea",BSIT
25-00025,"Romero, Antonio",BSCS
25-00026,"Santiago, Carmen",BSIT
25-00027,"Manalo, Luis",BSCS
25-00028,"Ocampo, Teresa",BSIT
25-00029,"Francisco, Alejandro",BSCS
25-00030,"Salazar, Patricia",BSIT
25-00031,"Dela Cruz, Marco",BSCS
25-00032,"Santos, Sofia",BSIT
25-00033,"Reyes, Gabriel",BSCS
25-00034,"Garcia, Isabella",BSIT
25-00035,"Cruz, Rafael",BSCS
25-00036,"Mendoza, Camila",BSIT
25-00037,"Torres, Diego",BSCS
25-00038,"Fernandez, Valentina",BSIT
25-00039,"Rivera, Andres",BSCS
25-00040,"Lopez, Daniela",BSIT
25-00041,"Ramos, Fernando",BSCS
25-00042,"Gonzales, Paula",BSIT
25-00043,"Bautista, Ricardo",BSCS
25-00044,"Villanueva, Andrea",BSIT
25-00045,"Castro, Antonio",BSCS
25-00046,"Navarro, Carmen",BSIT
25-00047,"Aquino, Luis",BSCS
25-00048,"Soriano, Teresa",BSIT
25-00049,"Pascual, Alejandro",BSCS
25-00050,"Mercado, Patricia",BSIT
25-00051,"Flores, Juan",BSCS
25-00052,"Perez, Maria",BSIT
25-00053,"Diaz, Jose",BSCS
25-00054,"Aguilar, Ana",BSIT
25-00055,"Romero, Pedro",BSCS
25-00056,"Santiago, Rosa",BSIT
25-00057,"Manalo, Miguel",BSCS
25-00058,"Ocampo, Lucia",BSIT
25-00059,"Francisco, Carlos",BSCS
25-00060,"Salazar, Elena",BSIT
25-00061,"Dela Cruz, Diego",BSCS
25-00062,"Santos, Camila",BSIT
25-00063,"Reyes, Antonio",BSCS
25-00064,"Garcia, Carmen",BSIT
25-00065,"Cruz, Luis",BSCS
25-00066,"Mendoza, Teresa",BSIT
25-00067,"Torres, Alejandro",BSCS
25-00068,"Fernandez, Patricia",BSIT
25-00069,"Rivera, Fernando",BSCS
25-00070,"Lopez, Paula",BSIT
25-00071,"Ramos, Ricardo",BSCS
25-00072,"Gonzales, Andrea",BSIT
25-00073,"Bautista, Andres",BSCS
25-00074,"Villanueva, Valentina",BSIT
25-00075,"Castro, Gabriel",BSCS
25-00076,"Navarro, Isabella",BSIT
25-00077,"Aquino, Rafael",BSCS
25-00078,"Soriano, Daniela",BSIT
25-00079,"Pascual, Marco",BSCS
25-00080,"Mercado, Sofia",BSIT
25-00081,"Flores, Pedro",BSCS
25-00082,"Perez, Rosa",BSIT
25-00083,"Diaz, Miguel",BSCS
25-00084,"Aguilar, Lucia",BSIT
25-00085,"Romero, Carlos",BSCS
25-00086,"Santiago, Elena",BSIT
25-00087,"Manalo, Juan",BSCS
25-00088,"Ocampo, Maria",BSIT
25-00089,"Francisco, Jose",BSCS
25-00090,"Salazar, Ana",BSIT
25-00091,"Dela Cruz, Alejandro",BSCS
25-00092,"Santos, Patricia",BSIT
25-00093,"Reyes, Fernando",BSCS
25-00094,"Garcia, Paula",BSIT
25-00095,"Cruz, Ricardo",BSCS
25-00096,"Mendoza, Andrea",BSIT
25-00097,"Torres, Andres",BSCS
25-00098,"Fernandez, Daniela",BSIT
25-00099,"Rivera, Diego",BSCS
25-00100,"Lopez, Camila",BSIT
25-00101,"Ramos, Antonio",BSCS
25-00102,"Gonzales, Carmen",BSIT
25-00103,"Bautista, Luis",BSCS
25-00104,"Villanueva, Teresa",BSIT
25-00105,"Castro, Marco",BSCS
25-00106,"Navarro, Sofia",BSIT
25-00107,"Aquino, Gabriel",BSCS
25-00108,"Soriano, Isabella",BSIT
25-00109,"Pascual, Rafael",BSCS
25-00110,"Mercado, Valentina",BSIT
25-00111,"Flores, Carlos",BSCS
25-00112,"Perez, Elena",BSIT
25-00113,"Diaz, Juan",BSCS
25-00114,"Aguilar, Maria",BSIT
25-00115,"Romero, Jose",BSCS
25-00116,"Santiago, Ana",BSIT
25-00117,"Manalo, Pedro",BSCS
25-00118,"Ocampo, Rosa",BSIT
25-00119,"Francisco, Miguel",BSCS
25-00120,"Salazar, Lucia",BSIT
25-00121,"Dela Cruz, Ricardo",BSCS
25-00122,"Santos, Andrea",BSIT
25-00123,"Reyes, Andres",BSCS
25-00124,"Garcia, Valentina",BSIT
25-00125,"Cruz, Gabriel",BSCS
25-00126,"Mendoza, Isabella",BSIT
25-00127,"Torres, Rafael",BSCS
25-00128,"Fernandez, Camila",BSIT
25-00129,"Rivera, Antonio",BSCS
25-00130,"Lopez, Carmen",BSIT
25-00131,"Ramos, Luis",BSCS
25-00132,"Gonzales, Teresa",BSIT
25-00133,"Bautista, Alejandro",BSCS
25-00134,"Villanueva, Patricia",BSIT
25-00135,"Castro, Fernando",BSCS
25-00136,"Navarro, Paula",BSIT
25-00137,"Aquino, Diego",BSCS
25-00138,"Soriano, Daniela",BSIT
25-00139,"Pascual, Marco",BSCS
25-00140,"Mercado, Sofia",BSIT
25-00141,"Flores, Gabriel",BSCS
25-00142,"Perez, Isabella",BSIT
25-00143,"Diaz, Rafael",BSCS
25-00144,"Aguilar, Camila",BSIT
25-00145,"Romero, Antonio",BSCS
25-00146,"Santiago, Carmen",BSIT
25-00147,"Manalo, Luis",BSCS
25-00148,"Ocampo, Teresa",BSIT
25-00149,"Francisco, Alejandro",BSCS
25-00150,"Salazar, Patricia",BSIT
25-00151,"Dela Cruz, Pedro",BSCS
25-00152,"Santos, Rosa",BSIT
25-00153,"Reyes, Miguel",BSCS
25-00154,"Garcia, Lucia",BSIT
25-00155,"Cruz, Carlos",BSCS
25-00156,"Mendoza, Elena",BSIT
25-00157,"Torres, Juan",BSCS
25-00158,"Fernandez, Maria",BSIT
25-00159,"Rivera, Jose",BSCS
25-00160,"Lopez, Ana",BSIT
25-00161,"Ramos, Diego",BSCS
25-00162,"Gonzales, Valentina",BSIT
25-00163,"Bautista, Fernando",BSCS
25-00164,"Villanueva, Paula",BSIT
25-00165,"Castro, Ricardo",BSCS
25-00166,"Navarro, Andrea",BSIT
25-00167,"Aquino, Andres",BSCS
25-00168,"Soriano, Camila",BSIT
25-00169,"Pascual, Antonio",BSCS
25-00170,"Mercado, Carmen",BSIT
25-00171,"Flores, Luis",BSCS
25-00172,"Perez, Teresa",BSIT
25-00173,"Diaz, Alejandro",BSCS
25-00174,"Aguilar, Patricia",BSIT
25-00175,"Romero, Marco",BSCS
25-00176,"Santiago, Sofia",BSIT
25-00177,"Manalo, Gabriel",BSCS
25-00178,"Ocampo, Isabella",BSIT
25-00179,"Francisco, Rafael",BSCS
25-00180,"Salazar, Daniela",BSIT
25-00181,"Dela Cruz, Fernando",BSCS
25-00182,"Santos, Paula",BSIT
25-00183,"Reyes, Ricardo",BSCS
25-00184,"Garcia, Andrea",BSIT
25-00185,"Cruz, Diego",BSCS
25-00186,"Mendoza, Valentina",BSIT
25-00187,"Torres, Andres",BSCS
25-00188,"Fernandez, Daniela",BSIT
25-00189,"Rivera, Marco",BSCS
25-00190,"Lopez, Sofia",BSIT
25-00191,"Ramos, Gabriel",BSCS
25-00192,"Gonzales, Isabella",BSIT
25-00193,"Bautista, Rafael",BSCS
25-00194,"Villanueva, Camila",BSIT
25-00195,"Castro, Antonio",BSCS
25-00196,"Navarro, Carmen",BSIT
25-00197,"Aquino, Alejandro",BSCS
25-00198,"Soriano, Patricia",BSIT
25-00199,"Pascual, Juan",BSCS
25-00200,"Mercado, Maria",BSIT
